<step title="Incoming Request" date="2025-06-13T03:18:29.643" instance="be3943" url="/innoland.git/git-receive-pack" method="POST" type="request" pid="823,1,40" Accept="application/x-git-receive-pack-result" Host="innoland.scm.azurewebsites.net" User-Agent="git/2.45.2.windows.1" Accept-Encoding="deflate, gzip, br, zstd" Authorization="Bas..." Content-Type="application/x-git-receive-pack-request" Transfer-Encoding="chunked" X-ARR-LOG-ID="731689d3-e405-4e92-ae4f-bfb7a00d4aea" CLIENT-IP="79.116.237.144:49161" X-SITE-DEPLOYMENT-ID="innoland" WAS-DEFAULT-HOSTNAME="innoland.scm.azurewebsites.net" X-Forwarded-Proto="https" X-AppService-Proto="https" X-Forwarded-TlsVersion="1.3" X-WAWS-Unencoded-URL="/innoland.git/git-receive-pack" X-Client-IP="79.116.237.144" X-Client-Port="49161" >
  <step title="Cleanup Xml Logs" date="2025-06-13T03:18:29.663" /><!-- duration: 26ms -->
  <step title="RpcService.ReceivePack" date="2025-06-13T03:18:29.759" >
    <step title="Executing external process" date="2025-06-13T03:18:29.807" type="process" path="git" arguments="rev-parse --git-dir" /><!-- duration: 111ms -->
    <step title="Assuming git repository at /home/site/repository" date="2025-06-13T03:18:29.921" /><!-- duration: 16ms -->
    <step title="Acquiring Deployment Lock" date="2025-06-13T03:18:29.947" /><!-- duration: 8ms -->
    <step title="Acquired Deployment Lock" date="2025-06-13T03:18:30.013" /><!-- duration: 8ms -->
    <step title="Creating temporary deployment" date="2025-06-13T03:18:30.029" /><!-- duration: 76ms -->
    <step title="GitExeServer.Receive" date="2025-06-13T03:18:30.134" >
      <step title="Executing external process" date="2025-06-13T03:18:30.144" type="process" path="git" arguments="receive-pack --stateless-rpc &quot;/home/site/repository&quot;" >
        <step title="Cpu: git(1232,13.900s)+git(1229,0.000s)=total(13.900s)" date="2025-06-13T03:22:17.261" /><!-- duration: 11ms -->
        <step title="git: no io activity for 60s, prev-cpu=-1.000s, current-cpu=13.900s" date="2025-06-13T03:22:17.280" /><!-- duration: 9ms -->
        <step title="Cpu: git(1232,13.900s)+git(1229,0.000s)=total(13.900s)" date="2025-06-13T03:23:17.562" /><!-- duration: 20ms -->
        <step title="git: no io activity for 127s, prev-cpu=13.900s, current-cpu=13.900s" date="2025-06-13T03:23:17.589" /><!-- duration: 4ms -->
        <step title="Abort Process &apos;git(1232)&apos;." date="2025-06-13T03:23:17.638" /><!-- duration: 37ms -->
        <step title="Abort Process &apos;git(1229)&apos;." date="2025-06-13T03:23:17.684" /><!-- duration: 9ms -->
      </step><!-- duration: 287582ms -->
    </step><!-- duration: 287609ms -->
    <step title="Releasing Deployment Lock" date="2025-06-13T03:23:17.819" /><!-- duration: 3ms -->
  </step><!-- duration: 288083ms -->
  <step title="Error occurred" date="2025-06-13T03:23:17.859" type="error" text="One or more errors occurred. (Command &apos;git receive-pack -- ...&apos; was aborted due to no output nor CPU activity for 60 seconds. You can increase the SCM_COMMAND_IDLE_TIMEOUT app setting (or WEBJOBS_IDLE_TIMEOUT if this is a WebJob) if needed.
git receive-pack --stateless-rpc &quot;/home/site/repository&quot;)" stackTrace="   at System.Threading.Tasks.Task`1.GetResultCore(Boolean )
   at System.Threading.Tasks.Task`1.get_Result()
   at Kudu.Core.Infrastructure.Executable.Execute(ITracer tracer, Stream input, Stream output, String arguments, Object[] args) in /tmp/KuduLite/Kudu.Core/Infrastructure/Executable.cs:line 98
   at Kudu.Core.SourceControl.Git.GitExeServer.ServiceRpc(ITracer tracer, String serviceName, Stream input, Stream output) in /tmp/KuduLite/Kudu.Core/SourceControl/Git/GitExeServer.cs:line 93
   at Kudu.Core.SourceControl.Git.GitExeServer.Receive(Stream inputStream, Stream outputStream) in /tmp/KuduLite/Kudu.Core/SourceControl/Git/GitExeServer.cs:line 73
   at Kudu.Services.GitServer.ReceivePackHandlerMiddleware.&lt;&gt;c__DisplayClass1_0.&lt;Invoke&gt;b__0() in /tmp/KuduLite/Kudu.Services/GitServer/ReceivePackHandlerMiddleware.cs:line 100
   at Kudu.Contracts.Infrastructure.LockExtensions.LockOperationAsync(IOperationLock lockObj, Func`1 operation, String operationName, TimeSpan timeout) in /tmp/KuduLite/Kudu.Contracts/Infrastructure/LockExtensions.cs:line 81
   at Kudu.Services.GitServer.ReceivePackHandlerMiddleware.Invoke(HttpContext context, ITracer tracer, IGitServer gitServer, IDictionary`2 namedLocks, IDeploymentManager deploymentManager, IRepositoryFactory repositoryFactory, IEnvironment environment) in /tmp/KuduLite/Kudu.Services/GitServer/ReceivePackHandlerMiddleware.cs:line 73
   at Microsoft.AspNetCore.Builder.Extensions.MapMiddleware.InvokeCore(HttpContext context, PathString matchedPath, PathString remainingPath)
   at Kudu.Services.Web.Tracing.TraceMiddleware.Invoke(HttpContext context) in /tmp/KuduLite/Kudu.Services.Web/Tracing/TraceMiddleware.cs:line 101" innerText="Command &apos;git receive-pack -- ...&apos; was aborted due to no output nor CPU activity for 60 seconds. You can increase the SCM_COMMAND_IDLE_TIMEOUT app setting (or WEBJOBS_IDLE_TIMEOUT if this is a WebJob) if needed.
git receive-pack --stateless-rpc &quot;/home/site/repository&quot;" innerStackTrace="   at Kudu.Core.Infrastructure.IdleManager.WaitForExit(IProcess process) in /tmp/KuduLite/Kudu.Core/Infrastructure/IdleManager.cs:line 96
   at Kudu.Core.Infrastructure.ProcessExtensions.Start(IProcess process, ITracer tracer, Stream output, Stream error, Stream input, IdleManager idleManager) in /tmp/KuduLite/Kudu.Core/Infrastructure/ProcessExtensions.cs:line 212
   at Kudu.Core.Infrastructure.Executable.ExecuteAsync(ITracer tracer, String arguments, Stream output, Stream error, CancellationToken token, Stream input, IdleManager idleManager) in /tmp/KuduLite/Kudu.Core/Infrastructure/Executable.cs:line 261" /><!-- duration: 8ms -->
