<step title="Incoming Request" date="2025-06-13T03:18:26.964" instance="be3943" url="/innoland.git/git-receive-pack" method="POST" type="request" pid="823,1,40" Accept="application/x-git-receive-pack-result" Host="innoland.scm.azurewebsites.net" User-Agent="git/2.45.2.windows.1" Authorization="Bas..." Content-Type="application/x-git-receive-pack-request" Content-Length="4" X-ARR-LOG-ID="cb0edb73-04e4-432a-8710-8772c0cb9a4a" CLIENT-IP="79.116.237.144:49161" X-SITE-DEPLOYMENT-ID="innoland" WAS-DEFAULT-HOSTNAME="innoland.scm.azurewebsites.net" X-Forwarded-Proto="https" X-AppService-Proto="https" X-Forwarded-TlsVersion="1.3" X-WAWS-Unencoded-URL="/innoland.git/git-receive-pack" X-Client-IP="79.116.237.144" X-Client-Port="49161" >
  <step title="RpcService.ReceivePack" date="2025-06-13T03:18:27.013" >
    <step title="Executing external process" date="2025-06-13T03:18:27.052" type="process" path="git" arguments="rev-parse --git-dir" /><!-- duration: 207ms -->
    <step title="Assuming git repository at /home/site/repository" date="2025-06-13T03:18:27.296" /><!-- duration: 2ms -->
    <step title="Acquiring Deployment Lock" date="2025-06-13T03:18:27.383" /><!-- duration: 83ms -->
    <step title="Acquired Deployment Lock" date="2025-06-13T03:18:27.628" /><!-- duration: 10ms -->
    <step title="Creating temporary deployment" date="2025-06-13T03:18:27.655" /><!-- duration: 105ms -->
    <step title="GitExeServer.Receive" date="2025-06-13T03:18:27.770" >
      <step title="Executing external process" date="2025-06-13T03:18:28.058" type="process" path="git" arguments="receive-pack --stateless-rpc &quot;/home/site/repository&quot;" /><!-- duration: 300ms -->
    </step><!-- duration: 605ms -->
    <step title="Releasing Deployment Lock" date="2025-06-13T03:18:28.556" /><!-- duration: 17ms -->
  </step><!-- duration: 1627ms -->
  <step title="Outgoing response" date="2025-06-13T03:18:28.651" type="response" statusCode="200" statusText="OK" /><!-- duration: 27ms -->
</step><!-- duration: 1734ms -->
