<step title="Incoming Request" date="2025-06-13T03:18:22.893" instance="be3943" url="/innoland.git/info/refs?service=git-receive-pack" method="GET" type="request" pid="823,1,36" Accept="*/*" Host="innoland.scm.azurewebsites.net" User-Agent="git/2.45.2.windows.1" Accept-Encoding="deflate, gzip, br, zstd" Authorization="Bas..." Pragma="no-cache" X-ARR-LOG-ID="dc4004de-720c-42b1-8363-7f7453453987" CLIENT-IP="79.116.237.144:49161" X-SITE-DEPLOYMENT-ID="innoland" WAS-DEFAULT-HOSTNAME="innoland.scm.azurewebsites.net" X-Forwarded-Proto="https" X-AppService-Proto="https" X-Forwarded-TlsVersion="1.3" X-WAWS-Unencoded-URL="/innoland.git/info/refs?service=git-receive-pack" X-Client-IP="79.116.237.144" X-Client-Port="49161" >
  <step title="Cleanup Xml Logs" date="2025-06-13T03:18:22.904" /><!-- duration: 9ms -->
  <step title="InfoRefsService.Execute" date="2025-06-13T03:18:23.073" >
    <step title="InfoRefsService.SmartInfoRefs" date="2025-06-13T03:18:23.100" >
      <step title="Acquiring Deployment Lock" date="2025-06-13T03:18:23.147" /><!-- duration: 2ms -->
      <step title="Acquired Deployment Lock" date="2025-06-13T03:18:23.213" /><!-- duration: 2ms -->
      <step title="GitExeServer.Initialize" date="2025-06-13T03:18:23.233" >
        <step title="GitExeRepository.Initialize" date="2025-06-13T03:18:23.250" >
          <step title="Executing external process" date="2025-06-13T03:18:23.252" type="process" path="git" arguments="init" /><!-- duration: 382ms -->
          <step title="Executing external process" date="2025-06-13T03:18:23.641" type="process" path="git" arguments="config core.autocrlf false" /><!-- duration: 31ms -->
          <step title="Executing external process" date="2025-06-13T03:18:23.678" type="process" path="git" arguments="config core.preloadindex true" /><!-- duration: 38ms -->
          <step title="Executing external process" date="2025-06-13T03:18:23.720" type="process" path="git" arguments="config user.name &quot;unknown&quot;" /><!-- duration: 45ms -->
          <step title="Executing external process" date="2025-06-13T03:18:23.768" type="process" path="git" arguments="config user.email &quot;unknown&quot;" /><!-- duration: 47ms -->
          <step title="Executing external process" date="2025-06-13T03:18:23.830" type="process" path="git" arguments="config filter.lfs.clean &quot;git-lfs clean %f&quot;" /><!-- duration: 78ms -->
          <step title="Executing external process" date="2025-06-13T03:18:23.923" type="process" path="git" arguments="config filter.lfs.smudge &quot;git-lfs smudge %f&quot;" /><!-- duration: 79ms -->
          <step title="Executing external process" date="2025-06-13T03:18:24.019" type="process" path="git" arguments="config filter.lfs.required true" /><!-- duration: 52ms -->
          <step title="Configure git server" date="2025-06-13T03:18:24.078" >
            <step title="Executing external process" date="2025-06-13T03:18:24.080" type="process" path="git" arguments="config receive.denyCurrentBranch ignore" /><!-- duration: 46ms -->
          </step><!-- duration: 50ms -->
          <step title="Create deny users for .git folder" date="2025-06-13T03:18:24.134" /><!-- duration: 39ms -->
          <step title="Configure git-credential" date="2025-06-13T03:18:24.175" >
            <step title="Executing external process" date="2025-06-13T03:18:24.191" type="process" path="git" arguments="config credential.helper &quot;!&apos;/home/site/repository/.git/hooks/git-credential-invalid.sh&apos;&quot;" /><!-- duration: 90ms -->
          </step><!-- duration: 108ms -->
          <step title="Setup post receive hook" date="2025-06-13T03:18:24.290" >
            <step title="Non-Windows enviroment, granting 755 permission to post-receive hook file" date="2025-06-13T03:18:24.309" /><!-- duration: 46ms -->
          </step><!-- duration: 68ms -->
        </step><!-- duration: 1115ms -->
      </step><!-- duration: 1133ms -->
      <step title="Releasing Deployment Lock" date="2025-06-13T03:18:24.372" /><!-- duration: 2ms -->
      <step title="GitExeServer.AdvertiseReceivePack" date="2025-06-13T03:18:24.386" >
        <step title="Executing external process" date="2025-06-13T03:18:24.388" type="process" path="git" arguments="receive-pack --stateless-rpc --advertise-refs &quot;/home/site/repository&quot;" /><!-- duration: 58ms -->
      </step><!-- duration: 63ms -->
      <step title="Writing 216 bytes" date="2025-06-13T03:18:24.452" /><!-- duration: 6ms -->
    </step><!-- duration: 1365ms -->
  </step><!-- duration: 1395ms -->
  <step title="Outgoing response" date="2025-06-13T03:18:24.486" type="response" statusCode="200" statusText="OK" /><!-- duration: 2ms -->
</step><!-- duration: 1598ms -->
