<step title="Incoming Request" date="2025-06-13T02:55:41.829" instance="be3943" url="/api/zipdeploy?author=ms-azuretools-vscode&amp;deployer=ms-azuretools-vscode&amp;isAsync=true&amp;trackDeploymentId=true" method="POST" type="request" pid="823,1,16" Host="innoland.scm.azurewebsites.net" User-Agent="vscode-azureappservice/0.25.5 core-rest-pipeline/1.19.1 Node/20.19.0 OS/(x64-Windows_NT-10.0.26100)" Accept-Encoding="gzip,deflate" Accept-Language="es" Authorization="Bea..." Transfer-Encoding="chunked" x-ms-correlation-request-id="394a5b2a-b1c9-494a-a1c6-ece636a5d040" x-ms-client-request-id="9250bd01-db6a-4ca4-aa46-bd2dbdf18d90" X-ARR-LOG-ID="9250bd01-db6a-4ca4-aa46-bd2dbdf18d90" CLIENT-IP="79.116.237.144:64919" X-SITE-DEPLOYMENT-ID="innoland" WAS-DEFAULT-HOSTNAME="innoland.scm.azurewebsites.net" X-Forwarded-Proto="https" X-AppService-Proto="https" X-Forwarded-TlsVersion="1.3" X-WAWS-Unencoded-URL="/api/zipdeploy?author=ms-azuretools-vscode&amp;deployer=ms-azuretools-vscode&amp;isAsync=true&amp;trackDeploymentId=true" X-Client-IP="79.116.237.144" X-Client-Port="64919" >
  <step title="ZipPushDeploy" date="2025-06-13T02:55:42.521" >
    <step title="ZipDeploy. Extract zip. Remote build." date="2025-06-13T02:55:42.558" /><!-- duration: 2ms -->
    <step title="None repository commit" date="2025-06-13T02:55:42.578" >
      <step title="Commit id: ef9f82f1-6e93-430b-b9ca-a1fa1f4651df" date="2025-06-13T02:55:42.580" Message="N/A" AuthorName="N/A" AuthorEmail="N/A" /><!-- duration: 6ms -->
    </step><!-- duration: 12ms -->
    <step title="Starting PushDeployAsync" date="2025-06-13T02:55:42.597" /><!-- duration: 2ms -->
    <step title="Writing artifact to /tmp/zipdeploy/cfc98932-2cd6-4d6c-b422-f87fc172d642.zip" date="2025-06-13T02:55:42.633" >
      <step title="Writing multipart request body to /tmp/zipdeploy/cfc98932-2cd6-4d6c-b422-f87fc172d642.zip" date="2025-06-13T02:55:42.658" /><!-- duration: 3ms -->
    </step><!-- duration: 151ms -->
    <step title="Start deployment in the background" date="2025-06-13T02:55:42.796" >
      <step title="Acquiring Deployment Lock" date="2025-06-13T02:55:42.836" /><!-- duration: 8ms -->
      <step title="Acquired Deployment Lock" date="2025-06-13T02:55:42.896" /><!-- duration: 2ms -->
    </step><!-- duration: 200ms -->
  </step><!-- duration: 480ms -->
  <step title="Outgoing response" date="2025-06-13T02:55:43.038" type="response" statusCode="202" statusText="Accepted" /><!-- duration: 7ms -->
</step><!-- duration: 1225ms -->
