﻿<?xml version="1.0" encoding="utf-8"?>
<deployment>
  <id>b5879d86-cb19-4a08-b800-aa65a977e56a</id>
  <author>N/A</author>
  <deployer>OneDeploy</deployer>
  <authorEmail>N/A</authorEmail>
  <message>OneDeploy</message>
  <progress></progress>
  <status>Failed</status>
  <statusText></statusText>
  <lastSuccessEndTime />
  <receivedTime>2025-06-13T03:07:09.1052282Z</receivedTime>
  <startTime>2025-06-13T03:07:10.453447Z</startTime>
  <endTime>2025-06-13T03:07:19.6793243Z</endTime>
  <complete>True</complete>
  <is_temp>False</is_temp>
  <is_readonly>True</is_readonly>
  <buildSummary />
</deployment>